{"nm":"gym","ddd":0,"h":1000,"w":1000,"meta":{"g":"@lottiefiles/toolkit-js 0.33.2"},"layers":[{"ty":4,"nm":"Layer 5 Outlines","sr":1,"st":-30.0000012219251,"op":64.0000026067734,"ip":0,"hd":false,"ddd":0,"bm":0,"hasMask":false,"ao":0,"ks":{"a":{"a":0,"k":[703,497.838,0],"ix":1},"s":{"a":0,"k":[100,100,100],"ix":6},"sk":{"a":0,"k":0},"p":{"a":1,"k":[{"o":{"x":0.046,"y":0},"i":{"x":0,"y":1},"s":[1103,497.838,0],"t":19,"ti":[66.667,0,0],"to":[-66.667,0,0]},{"s":[703,497.838,0],"t":49.0000019958109}],"ix":2},"r":{"a":0,"k":0,"ix":10},"sa":{"a":0,"k":0},"o":{"a":0,"k":100,"ix":11}},"ef":[],"shapes":[{"ty":"gr","bm":0,"hd":false,"mn":"ADBE Vector Group","nm":"Group 1","ix":1,"cix":2,"np":2,"it":[{"ty":"sh","bm":0,"hd":false,"mn":"ADBE Vector Shape - Group","nm":"Path 1","ix":1,"d":1,"ks":{"a":0,"k":{"c":true,"i":[[18.777,0],[0,0],[0,18.777],[0,0],[-18.777,0],[0,-18.778],[0,0]],"o":[[0,0],[-18.777,0],[0,0],[0,-18.778],[18.777,0],[0,0],[0,18.777]],"v":[[0,136],[0,136],[-34,102],[-34,-102],[0,-136],[34,-102],[34,102]]},"ix":2}},{"ty":"fl","bm":0,"hd":false,"mn":"ADBE Vector Graphic - Fill","nm":"Fill 1","c":{"a":0,"k":[0.9137,0.2314,0.2745],"ix":4},"r":1,"o":{"a":0,"k":100,"ix":5}},{"ty":"tr","a":{"a":0,"k":[0,0],"ix":1},"s":{"a":0,"k":[100,100],"ix":3},"sk":{"a":0,"k":0,"ix":4},"p":{"a":0,"k":[703,497.838],"ix":2},"r":{"a":0,"k":0,"ix":6},"sa":{"a":0,"k":0,"ix":5},"o":{"a":0,"k":100,"ix":7}}]}],"ind":1},{"ty":4,"nm":"Layer 6 Outlines","sr":1,"st":0,"op":64.0000026067734,"ip":0,"hd":false,"ddd":0,"bm":0,"hasMask":false,"ao":0,"ks":{"a":{"a":0,"k":[327.941,497.838,0],"ix":1},"s":{"a":0,"k":[100,100,100],"ix":6},"sk":{"a":0,"k":0},"p":{"a":1,"k":[{"o":{"x":0,"y":0},"i":{"x":0,"y":1},"s":[-52.059,497.838,0],"t":17,"ti":[-63.333,0,0],"to":[63.333,0,0]},{"s":[327.941,497.838,0],"t":47.0000019143492}],"ix":2},"r":{"a":0,"k":0,"ix":10},"sa":{"a":0,"k":0},"o":{"a":0,"k":100,"ix":11}},"ef":[],"shapes":[{"ty":"gr","bm":0,"hd":false,"mn":"ADBE Vector Group","nm":"Group 1","ix":1,"cix":2,"np":2,"it":[{"ty":"sh","bm":0,"hd":false,"mn":"ADBE Vector Shape - Group","nm":"Path 1","ix":1,"d":1,"ks":{"a":0,"k":{"c":true,"i":[[20.955,0],[0,0],[0,20.954],[0,0],[-20.955,0],[0,-20.955],[0,0]],"o":[[0,0],[-20.955,0],[0,0],[0,-20.955],[20.955,0],[0,0],[0,20.954]],"v":[[0,187.176],[0,187.176],[-37.941,149.235],[-37.941,-149.234],[0,-187.176],[37.941,-149.234],[37.941,149.235]]},"ix":2}},{"ty":"fl","bm":0,"hd":false,"mn":"ADBE Vector Graphic - Fill","nm":"Fill 1","c":{"a":0,"k":[0.9137,0.2314,0.2745],"ix":4},"r":1,"o":{"a":0,"k":100,"ix":5}},{"ty":"tr","a":{"a":0,"k":[0,0],"ix":1},"s":{"a":0,"k":[100,100],"ix":3},"sk":{"a":0,"k":0,"ix":4},"p":{"a":0,"k":[327.941,497.838],"ix":2},"r":{"a":0,"k":0,"ix":6},"sa":{"a":0,"k":0,"ix":5},"o":{"a":0,"k":100,"ix":7}}]}],"ind":2},{"ty":4,"nm":"Layer 3 Outlines","sr":1,"st":-15.0000006109625,"op":64.0000026067734,"ip":0,"hd":false,"ddd":0,"bm":0,"hasMask":false,"ao":0,"ks":{"a":{"a":0,"k":[644.941,497.838,0],"ix":1},"s":{"a":0,"k":[100,100,100],"ix":6},"sk":{"a":0,"k":0},"p":{"a":1,"k":[{"o":{"x":0,"y":0},"i":{"x":0,"y":1},"s":[1044.941,497.838,0],"t":17,"ti":[66.667,0,0],"to":[-66.667,0,0]},{"s":[644.941,497.838,0],"t":47.0000019143492}],"ix":2},"r":{"a":0,"k":0,"ix":10},"sa":{"a":0,"k":0},"o":{"a":0,"k":100,"ix":11}},"ef":[],"shapes":[{"ty":"gr","bm":0,"hd":false,"mn":"ADBE Vector Group","nm":"Group 1","ix":1,"cix":2,"np":2,"it":[{"ty":"sh","bm":0,"hd":false,"mn":"ADBE Vector Shape - Group","nm":"Path 1","ix":1,"d":1,"ks":{"a":0,"k":{"c":true,"i":[[20.954,0],[0,0],[0,20.954],[0,0],[-20.954,0],[0,-20.955],[0,0]],"o":[[0,0],[-20.954,0],[0,0],[0,-20.955],[20.954,0],[0,0],[0,20.954]],"v":[[0,187.176],[0,187.176],[-37.941,149.235],[-37.941,-149.234],[0,-187.176],[37.941,-149.234],[37.941,149.235]]},"ix":2}},{"ty":"fl","bm":0,"hd":false,"mn":"ADBE Vector Graphic - Fill","nm":"Fill 1","c":{"a":0,"k":[0.9137,0.2314,0.2745],"ix":4},"r":1,"o":{"a":0,"k":100,"ix":5}},{"ty":"tr","a":{"a":0,"k":[0,0],"ix":1},"s":{"a":0,"k":[100,100],"ix":3},"sk":{"a":0,"k":0,"ix":4},"p":{"a":0,"k":[644.941,497.838],"ix":2},"r":{"a":0,"k":0,"ix":6},"sa":{"a":0,"k":0,"ix":5},"o":{"a":0,"k":100,"ix":7}}]}],"ind":3},{"ty":4,"nm":"Layer 4 Outlines","sr":1,"st":-30.0000012219251,"op":64.0000026067734,"ip":0,"hd":false,"ddd":0,"bm":0,"hasMask":false,"ao":0,"ks":{"a":{"a":0,"k":[268,497.838,0],"ix":1},"s":{"a":0,"k":[100,100,100],"ix":6},"sk":{"a":0,"k":0},"p":{"a":1,"k":[{"o":{"x":0,"y":0},"i":{"x":0,"y":1},"s":[-112,497.838,0],"t":19,"ti":[-63.333,0,0],"to":[63.333,0,0]},{"s":[268,497.838,0],"t":49.0000019958109}],"ix":2},"r":{"a":0,"k":0,"ix":10},"sa":{"a":0,"k":0},"o":{"a":0,"k":100,"ix":11}},"ef":[],"shapes":[{"ty":"gr","bm":0,"hd":false,"mn":"ADBE Vector Group","nm":"Group 1","ix":1,"cix":2,"np":2,"it":[{"ty":"sh","bm":0,"hd":false,"mn":"ADBE Vector Shape - Group","nm":"Path 1","ix":1,"d":1,"ks":{"a":0,"k":{"c":true,"i":[[18.778,0],[0,0],[0,18.777],[0,0],[-18.778,0],[0,-18.778],[0,0]],"o":[[0,0],[-18.778,0],[0,0],[0,-18.778],[18.778,0],[0,0],[0,18.777]],"v":[[0,136],[0,136],[-34,102],[-34,-102],[0,-136],[34,-102],[34,102]]},"ix":2}},{"ty":"fl","bm":0,"hd":false,"mn":"ADBE Vector Graphic - Fill","nm":"Fill 1","c":{"a":0,"k":[0.9137,0.2314,0.2745],"ix":4},"r":1,"o":{"a":0,"k":100,"ix":5}},{"ty":"tr","a":{"a":0,"k":[0,0],"ix":1},"s":{"a":0,"k":[100,100],"ix":3},"sk":{"a":0,"k":0,"ix":4},"p":{"a":0,"k":[268,497.838],"ix":2},"r":{"a":0,"k":0,"ix":6},"sa":{"a":0,"k":0,"ix":5},"o":{"a":0,"k":100,"ix":7}}]}],"ind":4},{"ty":4,"nm":"Layer 2 Outlines","sr":1,"st":0,"op":64.0000026067734,"ip":0,"hd":false,"ddd":0,"bm":0,"hasMask":false,"ao":0,"ks":{"a":{"a":0,"k":[485.056,492.522,0],"ix":1},"s":{"a":1,"k":[{"o":{"x":0.261,"y":0},"i":{"x":0.028,"y":1},"s":[0,0,100],"t":0},{"s":[100,100,100],"t":17.0000006924242}],"ix":6},"sk":{"a":0,"k":0},"p":{"a":0,"k":[485.056,492.522,0],"ix":2},"r":{"a":0,"k":0,"ix":10},"sa":{"a":0,"k":0},"o":{"a":0,"k":100,"ix":11}},"ef":[],"shapes":[{"ty":"gr","bm":0,"hd":false,"mn":"ADBE Vector Group","nm":"Group 1","ix":1,"cix":2,"np":2,"it":[{"ty":"sh","bm":0,"hd":false,"mn":"ADBE Vector Shape - Group","nm":"Path 1","ix":1,"d":1,"ks":{"a":0,"k":{"c":true,"i":[[18.225,0],[0,0],[0,18.226],[-18.226,0],[0,0],[0,-18.225]],"o":[[0,0],[-18.226,0],[0,-18.225],[0,0],[18.225,0],[0,18.226]],"v":[[296.901,33],[-296.9,33],[-329.9,0],[-296.9,-33],[296.901,-33],[329.9,0]]},"ix":2}},{"ty":"fl","bm":0,"hd":false,"mn":"ADBE Vector Graphic - Fill","nm":"Fill 1","c":{"a":0,"k":[0.9137,0.2314,0.2745],"ix":4},"r":1,"o":{"a":0,"k":100,"ix":5}},{"ty":"tr","a":{"a":0,"k":[0,0],"ix":1},"s":{"a":0,"k":[100,100],"ix":3},"sk":{"a":0,"k":0,"ix":4},"p":{"a":0,"k":[485.056,492.522],"ix":2},"r":{"a":0,"k":0,"ix":6},"sa":{"a":0,"k":0,"ix":5},"o":{"a":0,"k":100,"ix":7}}]}],"ind":5},{"ty":1,"nm":"White Solid 1","sr":1,"st":0,"op":64.0000026067734,"ip":0,"hd":false,"ddd":0,"bm":0,"hasMask":false,"ao":0,"ks":{"a":{"a":0,"k":[500,500,0],"ix":1},"s":{"a":0,"k":[100,100,100],"ix":6},"sk":{"a":0,"k":0},"p":{"a":0,"k":[500,500,0],"ix":2},"r":{"a":0,"k":0,"ix":10},"sa":{"a":0,"k":0},"o":{"a":0,"k":100,"ix":11}},"ef":[],"sc":"#121315","sh":1000,"sw":1000,"ind":6}],"v":"5.6.1","fr":29.9700012207031,"op":64.0000026067734,"ip":0,"assets":[]}